month,city,motor_vehicle_thefts,per_100k
2022-01,sf,710,87.76
2022-02,sf,739,91.35
2022-03,sf,657,81.21
2022-04,sf,595,73.55
2022-05,sf,596,73.67
2022-06,sf,638,78.86
2022-07,sf,687,84.92
2022-08,sf,702,86.78
2022-09,sf,743,91.84
2022-10,sf,750,92.71
2022-11,sf,711,87.89
2022-12,sf,697,86.16
2023-01,sf,667,82.45
2023-02,sf,664,82.08
2023-03,sf,751,92.83
2023-04,sf,761,94.07
2023-05,sf,851,105.19
2023-06,sf,764,94.44
2023-07,sf,938,115.95
2023-08,sf,781,96.54
2023-09,sf,788,97.41
2023-10,sf,721,89.12
2023-11,sf,673,83.19
2023-12,sf,626,77.38
2024-01,sf,712,88.01
2024-02,sf,695,85.91
2024-03,sf,619,76.52
2024-04,sf,535,66.13
2024-05,sf,580,71.69
2024-06,sf,629,77.75
2024-07,sf,757,93.57
2024-08,sf,645,79.73
2024-09,sf,597,73.8
2024-10,sf,544,67.24
2024-11,sf,445,55.01
2024-12,sf,494,61.06
2025-01,sf,444,54.88
2025-02,sf,381,47.1
2025-03,sf,380,46.97
2025-04,sf,316,39.06
2025-05,sf,372,45.98
2025-06,sf,327,40.42
2025-07,sf,346,42.77
2025-08,sf,346,42.77
2025-09,sf,336,41.53
2025-10,sf,321,39.68
2025-11,sf,290,35.85
2025-12,sf,284,35.11
2026-01,sf,272,33.62
2026-02,sf,266,32.88
2026-03,sf,275,33.99
2026-04,sf,291,35.97
2026-05,sf,298,36.84
2026-06,sf,261,32.26
2022-01,oakland,655,150.06
2022-02,oakland,650,148.91
2022-03,oakland,628,143.87
2022-04,oakland,668,153.03
2022-05,oakland,679,155.55
2022-06,oakland,591,135.39
2022-07,oakland,651,149.14
2022-08,oakland,758,173.65
2022-09,oakland,685,156.93
2022-10,oakland,782,179.15
2022-11,oakland,842,192.9
2022-12,oakland,842,192.9
2023-01,oakland,1017,232.99
2023-02,oakland,763,174.8
2023-03,oakland,778,178.23
2023-04,oakland,929,212.83
2023-05,oakland,1050,240.55
2023-06,oakland,1112,254.75
2023-07,oakland,1036,237.34
2023-08,oakland,928,212.6
2023-09,oakland,932,213.51
2023-10,oakland,925,211.91
2023-11,oakland,884,202.52
2023-12,oakland,917,210.08
2024-01,oakland,953,218.33
2024-02,oakland,865,198.17
2024-03,oakland,802,183.73
2024-04,oakland,762,174.57
2024-05,oakland,921,210.99
2024-06,oakland,891,204.12
2024-07,oakland,847,194.04
2024-08,oakland,720,164.95
2024-09,oakland,624,142.95
2024-10,oakland,577,132.19
2024-11,oakland,578,132.42
2024-12,oakland,694,158.99
2025-01,oakland,549,125.77
2025-02,oakland,471,107.9
2025-03,oakland,524,120.04
2025-04,oakland,549,125.77
2025-05,oakland,483,110.65
2025-06,oakland,478,109.51
2025-07,oakland,597,136.77
2025-08,oakland,566,129.67
2025-09,oakland,605,138.6
2025-10,oakland,490,112.26
2025-11,oakland,416,95.3
2025-12,oakland,491,112.48
2026-01,oakland,537,123.02
2026-02,oakland,455,104.24
2026-03,oakland,467,106.99
2026-04,oakland,464,106.3
2026-05,oakland,504,115.46
2026-06,oakland,482,110.42
2022-01,austin,409,41.74
2022-02,austin,396,40.41
2022-03,austin,467,47.66
2022-04,austin,449,45.82
2022-05,austin,359,36.64
2022-06,austin,392,40.0
2022-07,austin,470,47.96
2022-08,austin,440,44.9
2022-09,austin,442,45.11
2022-10,austin,396,40.41
2022-11,austin,397,40.52
2022-12,austin,485,49.5
2023-01,austin,422,43.07
2023-02,austin,475,48.48
2023-03,austin,557,56.84
2023-04,austin,500,51.03
2023-05,austin,597,60.93
2023-06,austin,629,64.19
2023-07,austin,560,57.15
2023-08,austin,668,68.17
2023-09,austin,574,58.58
2023-10,austin,572,58.37
2023-11,austin,650,66.33
2023-12,austin,586,59.8
2024-01,austin,558,56.95
2024-02,austin,568,57.97
2024-03,austin,633,64.6
2024-04,austin,555,56.64
2024-05,austin,560,57.15
2024-06,austin,466,47.56
2024-07,austin,540,55.11
2024-08,austin,472,48.17
2024-09,austin,336,34.29
2024-10,austin,421,42.96
2024-11,austin,366,37.35
2024-12,austin,354,36.13
2025-01,austin,436,44.5
2025-02,austin,310,31.64
2025-03,austin,389,39.7
2025-04,austin,369,37.66
2025-05,austin,305,31.13
2025-06,austin,368,37.56
2025-07,austin,402,41.03
2025-08,austin,387,39.49
2025-09,austin,322,32.86
2025-10,austin,346,35.31
2025-11,austin,321,32.76
2025-12,austin,314,32.04
2026-01,austin,283,28.88
2026-02,austin,209,21.33
2026-03,austin,272,27.76
2026-04,austin,223,22.76
2026-05,austin,306,31.23
2026-06,austin,265,27.04
2022-01,denver,1256,175.28
2022-02,denver,1284,179.19
2022-03,denver,1426,199.0
2022-04,denver,1250,174.44
2022-05,denver,1338,186.72
2022-06,denver,1180,164.67
2022-07,denver,1237,172.63
2022-08,denver,1201,167.6
2022-09,denver,1263,176.25
2022-10,denver,1322,184.49
2022-11,denver,1126,157.14
2022-12,denver,1122,156.58
2023-01,denver,1242,173.32
2023-02,denver,1022,142.62
2023-03,denver,963,134.39
2023-04,denver,858,119.74
2023-05,denver,1030,143.74
2023-06,denver,1197,167.04
2023-07,denver,1094,152.67
2023-08,denver,982,137.04
2023-09,denver,974,135.92
2023-10,denver,1006,140.39
2023-11,denver,903,126.02
2023-12,denver,978,136.48
2024-01,denver,865,120.71
2024-02,denver,708,98.8
2024-03,denver,713,99.5
2024-04,denver,716,99.92
2024-05,denver,763,106.48
2024-06,denver,725,101.18
2024-07,denver,701,97.83
2024-08,denver,697,97.27
2024-09,denver,744,103.83
2024-10,denver,741,103.41
2024-11,denver,683,95.31
2024-12,denver,667,93.08
2025-01,denver,633,88.34
2025-02,denver,448,62.52
2025-03,denver,485,67.68
2025-04,denver,430,60.01
2025-05,denver,527,73.54
2025-06,denver,406,56.66
2025-07,denver,494,68.94
2025-08,denver,456,63.64
2025-09,denver,423,59.03
2025-10,denver,419,58.47
2025-11,denver,439,61.26
2025-12,denver,415,57.91
2026-01,denver,398,55.54
2026-02,denver,370,51.63
2026-03,denver,373,52.05
2026-04,denver,303,42.28
2026-05,denver,381,53.17
2026-06,denver,385,53.73
2022-01,chicago,1108,41.58
2022-02,chicago,963,36.14
2022-03,chicago,1077,40.42
2022-04,chicago,1001,37.57
2022-05,chicago,1034,38.81
2022-06,chicago,1138,42.71
2022-07,chicago,1766,66.28
2022-08,chicago,2115,79.38
2022-09,chicago,2412,90.53
2022-10,chicago,3186,119.57
2022-11,chicago,2956,110.94
2022-12,chicago,2718,102.01
2023-01,chicago,2819,105.8
2023-02,chicago,2171,81.48
2023-03,chicago,2326,87.3
2023-04,chicago,2295,86.13
2023-05,chicago,2437,91.46
2023-06,chicago,2565,96.27
2023-07,chicago,2632,98.78
2023-08,chicago,2618,98.26
2023-09,chicago,2339,87.79
2023-10,chicago,2569,96.42
2023-11,chicago,2274,85.35
2023-12,chicago,2212,83.02
2024-01,chicago,1770,66.43
2024-02,chicago,1880,70.56
2024-03,chicago,1883,70.67
2024-04,chicago,1655,62.11
2024-05,chicago,1810,67.93
2024-06,chicago,2046,76.79
2024-07,chicago,1979,74.27
2024-08,chicago,2013,75.55
2024-09,chicago,1871,70.22
2024-10,chicago,1756,65.9
2024-11,chicago,1566,58.77
2024-12,chicago,1484,55.7
2025-01,chicago,1334,50.07
2025-02,chicago,1155,43.35
2025-03,chicago,1289,48.38
2025-04,chicago,1330,49.92
2025-05,chicago,1429,53.63
2025-06,chicago,1505,56.48
2025-07,chicago,1668,62.6
2025-08,chicago,1554,58.32
2025-09,chicago,1384,51.94
2025-10,chicago,1731,64.97
2025-11,chicago,1422,53.37
2025-12,chicago,1452,54.5
2026-01,chicago,1336,50.14
2026-02,chicago,1336,50.14
2026-03,chicago,1524,57.2
2026-04,chicago,1427,53.56
2026-05,chicago,1667,62.56
2026-06,chicago,1628,61.1
2022-01,nyc,1165,14.11
2022-02,nyc,1090,13.2
2022-03,nyc,1017,12.32
2022-04,nyc,944,11.43
2022-05,nyc,1034,12.52
2022-06,nyc,1137,13.77
2022-07,nyc,1280,15.5
2022-08,nyc,1204,14.58
2022-09,nyc,1230,14.89
2022-10,nyc,1235,14.96
2022-11,nyc,1142,13.83
2022-12,nyc,1313,15.9
2023-01,nyc,1220,14.77
2023-02,nyc,1099,13.31
2023-03,nyc,1158,14.02
2023-04,nyc,1305,15.8
2023-05,nyc,1323,16.02
2023-06,nyc,1410,17.07
2023-07,nyc,1505,18.22
2023-08,nyc,1475,17.86
2023-09,nyc,1445,17.5
2023-10,nyc,1352,16.37
2023-11,nyc,1232,14.92
2023-12,nyc,1256,15.21
2024-01,nyc,1147,13.89
2024-02,nyc,942,11.41
2024-03,nyc,1055,12.78
2024-04,nyc,1121,13.57
2024-05,nyc,1220,14.77
2024-06,nyc,1275,15.44
2024-07,nyc,1364,16.52
2024-08,nyc,1420,17.2
2024-09,nyc,1290,15.62
2024-10,nyc,1275,15.44
2024-11,nyc,1142,13.83
2024-12,nyc,915,11.08
2025-01,nyc,898,10.87
2025-02,nyc,837,10.14
2025-03,nyc,1029,12.46
2025-04,nyc,1206,14.6
2025-05,nyc,1238,14.99
2025-06,nyc,1260,15.26
2025-07,nyc,1381,16.72
2025-08,nyc,1335,16.17
2025-09,nyc,1140,13.8
2025-10,nyc,1123,13.6
2025-11,nyc,1008,12.21
2025-12,nyc,911,11.03
2026-01,nyc,850,10.29
2026-02,nyc,792,9.59
2026-03,nyc,1040,12.59
2026-04,nyc,959,11.61
2026-05,nyc,1062,12.86
2026-06,nyc,1007,12.19
2022-01,seattle,533,70.59
2022-02,seattle,524,69.4
2022-03,seattle,547,72.44
2022-04,seattle,502,66.48
2022-05,seattle,549,72.71
2022-06,seattle,527,69.79
2022-07,seattle,565,74.83
2022-08,seattle,600,79.46
2022-09,seattle,591,78.27
2022-10,seattle,711,94.16
2022-11,seattle,659,87.28
2022-12,seattle,670,88.73
2023-01,seattle,613,81.18
2023-02,seattle,545,72.18
2023-03,seattle,621,82.24
2023-04,seattle,626,82.91
2023-05,seattle,731,96.81
2023-06,seattle,645,85.42
2023-07,seattle,1023,135.48
2023-08,seattle,1126,149.12
2023-09,seattle,883,116.94
2023-10,seattle,837,110.85
2023-11,seattle,819,108.47
2023-12,seattle,790,104.62
2024-01,seattle,656,86.88
2024-02,seattle,566,74.96
2024-03,seattle,621,82.24
2024-04,seattle,640,84.76
2024-05,seattle,612,81.05
2024-06,seattle,565,74.83
2024-07,seattle,612,81.05
2024-08,seattle,623,82.51
2024-09,seattle,691,91.51
2024-10,seattle,678,89.79
2024-11,seattle,623,82.51
2024-12,seattle,552,73.11
2025-01,seattle,489,64.76
2025-02,seattle,381,50.46
2025-03,seattle,441,58.4
2025-04,seattle,417,55.23
2025-05,seattle,518,68.6
2025-06,seattle,501,66.35
2025-07,seattle,535,70.85
2025-08,seattle,613,81.18
2025-09,seattle,458,60.66
2025-10,seattle,568,75.22
2025-11,seattle,431,57.08
2025-12,seattle,447,59.2
2026-01,seattle,489,64.76
2026-02,seattle,326,43.17
2026-03,seattle,373,49.4
2026-04,seattle,355,47.02
2026-05,seattle,413,54.7
2026-06,seattle,372,49.27
2022-01,sf_recovered,538,
2022-02,sf_recovered,543,
2022-03,sf_recovered,529,
2022-04,sf_recovered,462,
2022-05,sf_recovered,452,
2022-06,sf_recovered,445,
2022-07,sf_recovered,497,
2022-08,sf_recovered,489,
2022-09,sf_recovered,513,
2022-10,sf_recovered,564,
2022-11,sf_recovered,550,
2022-12,sf_recovered,519,
2023-01,sf_recovered,471,
2023-02,sf_recovered,491,
2023-03,sf_recovered,498,
2023-04,sf_recovered,545,
2023-05,sf_recovered,598,
2023-06,sf_recovered,545,
2023-07,sf_recovered,641,
2023-08,sf_recovered,531,
2023-09,sf_recovered,528,
2023-10,sf_recovered,493,
2023-11,sf_recovered,451,
2023-12,sf_recovered,432,
2024-01,sf_recovered,512,
2024-02,sf_recovered,468,
2024-03,sf_recovered,437,
2024-04,sf_recovered,384,
2024-05,sf_recovered,400,
2024-06,sf_recovered,389,
2024-07,sf_recovered,517,
2024-08,sf_recovered,403,
2024-09,sf_recovered,377,
2024-10,sf_recovered,400,
2024-11,sf_recovered,311,
2024-12,sf_recovered,340,
2025-01,sf_recovered,341,
2025-02,sf_recovered,267,
2025-03,sf_recovered,264,
2025-04,sf_recovered,240,
2025-05,sf_recovered,245,
2025-06,sf_recovered,232,
2025-07,sf_recovered,234,
2025-08,sf_recovered,222,
2025-09,sf_recovered,231,
2025-10,sf_recovered,218,
2025-11,sf_recovered,174,
2025-12,sf_recovered,185,
2026-01,sf_recovered,197,
2026-02,sf_recovered,161,
2026-03,sf_recovered,174,
2026-04,sf_recovered,175,
2026-05,sf_recovered,192,
2026-06,sf_recovered,140,
2022-01,oakland_recovered,39,
2022-02,oakland_recovered,31,
2022-03,oakland_recovered,93,
2022-04,oakland_recovered,50,
2022-05,oakland_recovered,34,
2022-06,oakland_recovered,65,
2022-07,oakland_recovered,53,
2022-08,oakland_recovered,64,
2022-09,oakland_recovered,77,
2022-10,oakland_recovered,85,
2022-11,oakland_recovered,98,
2022-12,oakland_recovered,125,
2023-01,oakland_recovered,133,
2023-02,oakland_recovered,100,
2023-03,oakland_recovered,126,
2023-04,oakland_recovered,109,
2023-05,oakland_recovered,135,
2023-06,oakland_recovered,174,
2023-07,oakland_recovered,114,
2023-08,oakland_recovered,148,
2023-09,oakland_recovered,131,
2023-10,oakland_recovered,135,
2023-11,oakland_recovered,109,
2023-12,oakland_recovered,126,
2024-01,oakland_recovered,89,
2024-02,oakland_recovered,35,
2024-03,oakland_recovered,48,
2024-04,oakland_recovered,34,
2024-05,oakland_recovered,72,
2024-06,oakland_recovered,81,
2024-07,oakland_recovered,86,
2024-08,oakland_recovered,103,
2024-09,oakland_recovered,79,
2024-10,oakland_recovered,79,
2024-11,oakland_recovered,68,
2024-12,oakland_recovered,62,
2025-01,oakland_recovered,52,
2025-02,oakland_recovered,75,
2025-03,oakland_recovered,49,
2025-04,oakland_recovered,67,
2025-05,oakland_recovered,33,
2025-06,oakland_recovered,37,
2025-07,oakland_recovered,54,
2025-08,oakland_recovered,45,
2025-09,oakland_recovered,29,
2025-10,oakland_recovered,48,
2025-11,oakland_recovered,53,
2025-12,oakland_recovered,62,
2026-01,oakland_recovered,72,
2026-02,oakland_recovered,58,
2026-03,oakland_recovered,62,
2026-04,oakland_recovered,60,
2026-05,oakland_recovered,68,
2026-06,oakland_recovered,53,
